city,date,state,text,polarity
Mandeville,Tue Nov 24 23:00:11 +0000 2020,LA,@DavidMora @MargaretOrr @KweilynWDSU @NWSNewOrleans @VisitNewOrleans @LouisianaTravel @BrookeLaizer_Wx @ScotPilie_Wx That’s a bit wonderful,1.0
Tempe,Tue Nov 24 23:00:16 +0000 2020,AZ,@yaboiryry where dat Thanksgiving invite though? 🥐🌵,0.0
Brooklyn,Tue Nov 24 23:00:17 +0000 2020,NY,Uncle just texted family group chat and said thanksgiving might be canceled since a coworker tested positive for co… https://t.co/qNrfqvHaV9,0.22727272727272727
Moorestown,Tue Nov 24 23:00:21 +0000 2020,NJ,Perkins Center is closed on Thursday and Friday for the Thanksgiving holiday! Our Collingswood Gallery remains clos… https://t.co/2gOd2D8jcw,-0.1125
Warner Robins,Tue Nov 24 23:00:32 +0000 2020,GA,@theestallion $KeyyyTripp. #GOODNEWSMEGAN,0.0
Brooklyn,Tue Nov 24 23:00:31 +0000 2020,NY,Thanksgiving kisses. https://t.co/qriDk90dXU,0.0
Lake Butler,Tue Nov 24 23:00:38 +0000 2020,FL,@DonnieWahlberg Safe travels,0.5
San Francisco,Tue Nov 24 23:00:40 +0000 2020,CA,"If you’re planning to gather with people outside your household this Thanksgiving, please read this thread first ⬇️",0.125
Seattle,Tue Nov 24 23:00:41 +0000 2020,WA,"All this domestic got me bored. I’m going back foreign. ✌🏽🙇🏽‍♂️✈️🚀👽 
Where should I travel next ?! 🧐🤔👀👀 #travel… https://t.co/6Tr7QI6qPv",-0.125
Bozeman,Tue Nov 24 23:00:50 +0000 2020,MT,Gonna be working longer today and then gonna finish shopping for Thanksgiving. Been taking some time to referent wi… https://t.co/kf8c4bv930,0.0
Killeen,Tue Nov 24 23:00:51 +0000 2020,TX,Not my sister in law buying us temales from delias for thanksgiving 😩😩😩💞! Talk about the besttttt😁,0.0
Charlotte,Tue Nov 24 23:00:53 +0000 2020,NC,@IcelandNatural Iceland is starting to be at the top of my list when travel is opened up again.,0.25
Chicago,Tue Nov 24 23:00:53 +0000 2020,IL,@michaelyarde Same anxiety I’m feeling about what’s going to happen after thanksgiving this week 😳,0.0
Coram,Tue Nov 24 23:01:00 +0000 2020,NY,@DonnieWahlberg What is ur fave food to have or make for thanksgiving #DWAir20Questions,0.0
Manhattan,Tue Nov 24 23:01:04 +0000 2020,NY,"Check out what awesome dessert I choose fir my #Thanksgiving table!!!

https://t.co/0OxHCfXS7S @themanualguide",1.0
Lake Oswego,Tue Nov 24 23:01:11 +0000 2020,OR,What are you smoking on thanksgiving? Besides a turkey? #broadwaycigarco #lakeoswego #cigars #celebrate #freedom#en… https://t.co/13Sl9rn1Hm,0.0
Hercules,Tue Nov 24 23:01:14 +0000 2020,CA,@caateyyy bitch lemme come get a plate on thanksgiving 🤣,0.0
Dallas,Tue Nov 24 23:01:20 +0000 2020,TX,Who all got a special one dey inviting over w da fam on thanksgiving?,0.35714285714285715
Phoenix,Tue Nov 24 23:01:53 +0000 2020,AZ,Shallowing the shaft?  Try this out while you eat some Turkey and pumpkin pie!  #Thanksgiving #thankspgapro https://t.co/0v9AWXxTo8,0.0
Westerville,Tue Nov 24 23:01:53 +0000 2020,OH,@DonnieWahlberg Are you having any virtual gatherings for Thanksgiving?,0.0
San Francisco,Tue Nov 24 23:01:59 +0000 2020,CA,"If you’re planning to gather with people outside your household this Thanksgiving, please read this thread first ⬇️",0.125
East Hampton,Tue Nov 24 23:02:19 +0000 2020,NY,@BostonRob Happy thanksgiving,0.8
Seattle,Tue Nov 24 23:02:23 +0000 2020,WA,This is hard but necessary #CovidThanksgiving,-0.14583333333333334
Eastmont,Tue Nov 24 23:02:24 +0000 2020,WA,"@KennedyNation No, our adult children are traveling to us. Just like normal.",0.125
Fontana,Tue Nov 24 23:02:33 +0000 2020,CA,"His home for Thanksgiving @ Fontana, California https://t.co/3Wc5TF9AXO",0.0
Queens,Tue Nov 24 23:02:35 +0000 2020,NY,Here to say i look good with or without makeup. I ain’t trippin,0.7
Palm Beach Gardens,Tue Nov 24 23:02:43 +0000 2020,FL,Why I am Thankful. Happy Thanksgiving! @ PGA National https://t.co/2KrzIM6r1z,1.0
Philadelphia,Tue Nov 24 23:02:43 +0000 2020,PA,Give me those recipes. I've only cooked a full Thanksgiving dinner once in my life. This year cooking for my househ… https://t.co/2WfG9IIR47,0.175
Normal,Tue Nov 24 23:02:43 +0000 2020,IL,I love it all...but my fave is stuffing + gravy 🤤 What is your guys fave Thanksgiving food?? Drop your faves below!… https://t.co/sufeHvt4fs,0.5
Norman,Tue Nov 24 23:02:50 +0000 2020,OK,"this is a poem for my roommate when she gets back from her gay little trip: 

i am sorry for
buying the 2-ply TP 
it was all they had",-0.06770833333333333
Watauga,Tue Nov 24 23:02:54 +0000 2020,TX,My family after I said we should probably abstain from thanksgiving bc of my grandparents 😅 https://t.co/TrJQNKudnZ,0.0
Alexandria,Tue Nov 24 23:03:00 +0000 2020,VA,"Great #italianamerican #thanksgiving week lunch: #escaroleandbeans, except Julin wants to turn it into #ramen @ Ale… https://t.co/f79pOioAUT",0.5
Mocksville,Tue Nov 24 23:03:21 +0000 2020,NC,"Made my first trip out to @daviecountyhs tonight for #CPC 4A volleyball. #HSOT 🏐

6:15 PM = East Forsyth /… https://t.co/bu1Lcyzg5S",0.25
Owentown,Tue Nov 24 23:03:27 +0000 2020,TX,I could see Kyle and Summer being married this time next year and hosting Thanksgiving in their house that Nick gav… https://t.co/DTjVhti6WT,0.125
Mocksville,Tue Nov 24 23:03:39 +0000 2020,NC,"Made my first trip out to @daviecountyhs tonight for #CPC 4A volleyball. #HSOT 🏐

6:15 PM = East Forsyth /… https://t.co/spiCCCaL0t",0.25
Knoxville,Tue Nov 24 23:03:40 +0000 2020,TN,Wishing you a safe and Happy Thanksgiving! 🙏🏼,0.75
Montgomery,Tue Nov 24 23:03:41 +0000 2020,NJ,#grateful this Thanksgiving!,0.0
Big Flats,Tue Nov 24 23:04:01 +0000 2020,NY,"This Thanksgiving, let’s give thanks to essential workers- like the employees of @UnitexTextile. These laundry work… https://t.co/1iU2XR8wJP",0.1
Detroit,Tue Nov 24 23:04:18 +0000 2020,MI,About to do my Thanksgiving shoppin!,0.0
Penn Estates,Tue Nov 24 23:04:20 +0000 2020,PA,@NicoleJButler “Uncle Rental” for Thanksgiving on the @jimmykimmel Show. Funny! #Thanksgiving #Thanksgiving2020 🦃… https://t.co/38uORXGmTi,0.3125
Los Angeles,Tue Nov 24 23:04:38 +0000 2020,CA,I think I’m ready for a Triple D tatt and a neck tatt... https://t.co/76X5qxnjVd,0.2
Nashville,Tue Nov 24 23:04:44 +0000 2020,TN,For my PA folks. Better get your drinks by 5 tommorow!  #Thanksgiving #TomWolf,0.625
Winston-Salem,Tue Nov 24 23:04:46 +0000 2020,NC,"My son getting fresh for thanksgiving, too bad no ones coming over lol",0.1333333333333334
West Allis,Tue Nov 24 23:04:46 +0000 2020,WI,@TanHagerstrom @mrichards724 Turkey is the most overrated thing at thanksgiving,0.5
Fremont,Tue Nov 24 23:04:49 +0000 2020,CA,I’m really looking forward to my fam’s intimate thanksgiving❤️. Since we’re still practicing social distancing it’s… https://t.co/RKSc6tQZrE,0.14444444444444446
Chicago,Tue Nov 24 23:04:52 +0000 2020,IL,"We’re going virtual for our #Thanksgiving2020, but I’ll still be cooking up all the good stuff! 😋

Protect your lov… https://t.co/rinQAIzhd4",0.875
Town 'n' Country,Tue Nov 24 23:04:54 +0000 2020,FL,Happy Thanksgiving from everyone at @sarasotaopera,0.8
Boston,Tue Nov 24 23:05:05 +0000 2020,MA,"Will miss moments like this on Thursday.

There won’t be any Thanksgiving Day high school football games across the… https://t.co/2ofFiivrwv",0.16
Manhattan,Tue Nov 24 23:05:05 +0000 2020,NY,#shhhhh #davidbowie 💙 #wigs #nyc #urbanwoman #globetrotter #worldtraveler #fashionista #NYC #UWS @ Upper West Side https://t.co/Iladlx7O0X,0.0
Frederick,Tue Nov 24 23:05:12 +0000 2020,MD,"#Thanksgiving #jokeoftheday: What happens when someone sits on the sweet potatoes?
It becomes a squash casserole.",0.35
Raleigh,Tue Nov 24 23:05:14 +0000 2020,NC,RES families...you have mail 📩! Have a happy Thanksgiving and we will see you next week! Stay safe and healthy… https://t.co/mG6BMtDzps,0.43333333333333335
Atlanta,Tue Nov 24 23:05:14 +0000 2020,GA,Free Turkeys.... #HappyThanksgiving #HappyHolidays #FreeTurkeys https://t.co/gwczZAdiqD,0.4
Jollyville,Tue Nov 24 23:05:30 +0000 2020,TX,when you barely even have family thanksgiving really do not be a feel-good holiday at all. all of 2 people at the function... I hate it,-0.2833333333333334
Tempe,Tue Nov 24 23:05:44 +0000 2020,AZ,2 of my 3 favorite people have Covid right before thanksgiving and i HATE IT HERE.,-0.004761904761904782
Raleigh,Tue Nov 24 23:05:52 +0000 2020,NC,"I’ve been at work every day this year so I can’t wait for Thanksgiving, just scored two racks of ribs and a pork shoulder",0.0
Plano,Tue Nov 24 23:05:59 +0000 2020,TX,"Bless the Lord, O my soul. #thanksgivingweek https://t.co/B9Ua6pB3Nd",0.0
Alpharetta,Tue Nov 24 23:06:04 +0000 2020,GA,"Reminder for Wednesday drill times at Roswell Area Park during Thanksgiving Week:

US Open: 12:00-2:00
Wimbledon: 2… https://t.co/uMYagsLvHW",0.0
Houston,Tue Nov 24 23:06:28 +0000 2020,TX,Don't experiment on Thanksgiving!!!😂🤣🤣,0.0
Fremont,Tue Nov 24 23:06:30 +0000 2020,CA,I’m really looking forward to my fam’s intimate thanksgiving❤️. Since we’re still practicing social distancing it’s… https://t.co/gHOapgsSqZ,0.14444444444444446
Winston-Salem,Tue Nov 24 23:06:35 +0000 2020,NC,"Ima be alone on Thanksgiving I’m so sad, 😕🖕🏽corona",-0.5
Youngstown,Tue Nov 24 23:06:35 +0000 2020,PA,Just remember this includes cargo flights for all those packages you’ve been buying online and also general aviatio… https://t.co/XZPenHiCaG,0.05000000000000002
Thousand Oaks,Tue Nov 24 23:06:37 +0000 2020,CA,@Wendys_Garden No shit.  The biggest reason to be thankful for this thanksgiving.,0.1
West Hollywood,Tue Nov 24 23:06:41 +0000 2020,CA,"So people are just straight up traveling, huh.",0.2
McKinney,Tue Nov 24 23:06:47 +0000 2020,TX,"@jbolton_1 Keep working, Jayden!! 👍🏉😃Practice on Thanksgiving week is basically a @LSHSRangers tradition anyway!… https://t.co/usckdWdMnf",0.0
The Woodlands,Tue Nov 24 23:06:49 +0000 2020,TX,Thanksgiving night is going to be ruined. Isn’t it? #herewego,0.0
Philadelphia,Tue Nov 24 23:06:53 +0000 2020,PA,2 days before Thanksgiving are you shocked?,-0.7
Jefferson,Tue Nov 24 23:06:54 +0000 2020,VA,Getting Ready for Thanksgiving!! @ The Celebrity Delly https://t.co/TsynPPVLOp,0.3125
Pleasantville,Tue Nov 24 23:07:13 +0000 2020,NJ,Thanksgiving Eve tomorrow . Come to Joe Canalsand stock up on some wine,0.0
Oak Ridge,Tue Nov 24 23:07:22 +0000 2020,TN,HAPPY THANKSGIVING! Lin Wood Announces Sidney Powell Will File Major Lawsuit in Georgia Tomorrow! via @gatewaypundit https://t.co/NpCI3ElTay,0.5390625
Houston,Tue Nov 24 23:07:55 +0000 2020,TX,Thanksgiving don’t really feel like thanksgiving. Or am I tripping,0.2
Houston,Tue Nov 24 23:07:55 +0000 2020,TX,Thanksgiving don’t really feel like thanksgiving. Or am I tripping,0.2
Gainesville,Tue Nov 24 23:07:56 +0000 2020,GA,"🤣😂🤣😂🤣😂....Happy Thanksgiving to you and @NHDawwg777,  Shay!",0.0
San Jose,Tue Nov 24 23:07:58 +0000 2020,CA,"When I’m sick, my travel photos make me feel better. ❤️ Miss you, @YosemiteNPS! #yosemite #photography #landscape https://t.co/8ve10qh9Z4",-0.04464285714285715
North Tonawanda,Tue Nov 24 23:08:07 +0000 2020,NY,Check this out if you’re in need of food this Thanksgiving.,0.0
Baltimore,Tue Nov 24 23:08:41 +0000 2020,MD,We’re at the Hilton Rec Thanksgiving Meal Giveaway with our @LEVEL82org partners @TorreySmithWR and Chanel Smith!… https://t.co/42n9ohVG0h,0.0
Weston,Tue Nov 24 23:09:04 +0000 2020,CT,@RyanHyattMedia Best Thanksgiving sides?,1.0
Baltimore,Tue Nov 24 23:09:11 +0000 2020,MD,We’re at the Hilton Rec Thanksgiving Meal Giveaway with our @LEVEL82org partners @TorreySmithWR and Chanel Smith!… https://t.co/QNh9658MS9,0.0
Newark,Tue Nov 24 23:09:20 +0000 2020,DE,@ThaMgr_YettaDee 🤷🏾‍♀️to each their own I enjoy traveling so Imma do my due diligence,0.2916666666666667
Brookhaven,Tue Nov 24 23:09:24 +0000 2020,GA,@TomKGolf @EIGTravel @kinsale_ie @dannybrassil @LiamDeasy @BlacksBrewery @Failte_Ireland @wildatlanticway It was in… https://t.co/2DgAEuHOkA,0.0
Lake Butler,Tue Nov 24 23:09:41 +0000 2020,FL,What a great evening of “give back” to our community at @lgbtcenterorl - Ten complete Thanksgiving meals with $10 d… https://t.co/OuGHtmi5PI,0.225
Fort Washington,Tue Nov 24 23:09:43 +0000 2020,MD,can I get some thanksgiving food please.,0.0
Ontario,Tue Nov 24 23:09:50 +0000 2020,CA,@AngelaW79837 Happy thanksgiving 🍁🍂🦃,0.8
Enterprise,Tue Nov 24 23:09:58 +0000 2020,NV,I’m taking a small little hiatus for thanksgiving. So if you see a decrease in my activity or postings that’s why.… https://t.co/UlhHKiNQFq,-0.21875
Kendall,Tue Nov 24 23:10:01 +0000 2020,FL,Happy Thanksgiving! 🍗🍽🍗 Enjoy your long weekend! Please call 📱 305-251-4414 or visit 💻 https://t.co/LZ5omNw9i9 to s… https://t.co/D4sLSKaJMP,0.4458333333333333
Bismarck,Tue Nov 24 23:10:07 +0000 2020,ND,"Heads up all Bismarck @SanfordPOWER athletes:

We will be closed on Thursday for the Thanksgiving holiday. 

We wil… https://t.co/2fwaJhlbsY",-0.1
Grapevine,Tue Nov 24 23:10:17 +0000 2020,TX,Were talking holiday travel tonight on @NewsNOWFOX.,0.0
Erlands Point,Tue Nov 24 23:10:17 +0000 2020,WA,Mammas not cooking before Thanksgiving 😂😂 https://t.co/bdupdar1X8,0.0
Arlington,Tue Nov 24 23:10:17 +0000 2020,VA,I’m tryn figure out what fit ima throw on to eat this bomb ass thanksgivings food,0.4
Port Orange,Tue Nov 24 23:10:29 +0000 2020,FL,@notdamboise perfect entertainment for my flight Thursday,1.0
Palatine,Tue Nov 24 23:10:32 +0000 2020,IL,They should have a 2020 Thanksgiving parade of depressed people walking down the road.,-0.20277777777777778
Bozeman,Tue Nov 24 23:10:41 +0000 2020,MT,Gonna be working longer today and then gonna finish shopping for Thanksgiving. Been taking some time to reflect wit… https://t.co/dPXnf9eWKu,0.0
Stockton,Tue Nov 24 23:10:47 +0000 2020,CA,@Sol3xmaglinte @evonnnaaa Lol it’s the last day to put in an order before thanksgiving!,0.4
Little Rock,Tue Nov 24 23:10:47 +0000 2020,AR,"I just spent over $100 on groceries for Thanksgiving dinner... if these mfs say one thing negative about my food, i… https://t.co/N1lfpr4Si4",-0.2
Independence,Tue Nov 24 23:10:48 +0000 2020,KY,What’s football? #StupidThanksgivingDayQuestions,0.0
Brentwood,Tue Nov 24 23:11:00 +0000 2020,TN,S/o to @Skrrrt_Cobaine for making sure baked thanksgiving is possible at home this year #itjustmeansmore,0.25
Waco,Tue Nov 24 23:11:13 +0000 2020,TX,"no one:
trippie redd: wᵉᵉᵉᵉᵉᵉᵉᵉᵉᵉᵉe",0.0
Jersey Village,Tue Nov 24 23:11:21 +0000 2020,TX,"Looks like a fifth flight this year I’ll have to cancel, as California is requiring people flying in to LAX or Van… https://t.co/JZ0YAXP7GZ",0.0
Arlington,Tue Nov 24 23:11:24 +0000 2020,VA,"@Soonergirl12 This Okie hopes the same for you, despite your Sooners crushing my Cowboys in Bedlam. Stay safe and Happy Thanksgiving.",0.42500000000000004
Oakland,Tue Nov 24 23:11:29 +0000 2020,CA,This bitch assigned us 7 assignments and one midterm the week of thanksgiving and tf is she smokin???,0.0
Magna,Tue Nov 24 23:11:30 +0000 2020,UT,Can’t wait for COVID to go away so I can travel again.,0.0
Dallas,Tue Nov 24 23:11:32 +0000 2020,TX,Who wants to come drink Wild Turkey and eat chicken strips with me and Charlie tonight?,-0.09999999999999998
Kaanapali,Tue Nov 24 23:11:38 +0000 2020,HI,Hey @HawaiianAir can you please fix your app I'm trying to book a trip ily,0.0
Sudbury,Tue Nov 24 23:11:42 +0000 2020,MA,"@lauraoften @RedJavelin Happy Thanksgiving, Laura!",1.0
Fort Worth,Tue Nov 24 23:11:43 +0000 2020,TX,I have never been so high off them men that day was a fucking trip,-0.21999999999999997
Boynton Beach,Tue Nov 24 23:11:44 +0000 2020,FL,"Oregon logic...
Thanksgiving: criminal. 
Smoking crack: legal.",-0.1
Richmond,Tue Nov 24 23:11:47 +0000 2020,VA,@RickFox just in case you need a plate for thanksgiving dinner my #bgm peloton sisters and I are cooking...… https://t.co/8NNYuFaEBb,0.0
Merced,Tue Nov 24 23:11:56 +0000 2020,CA,"My doctor: It’s good you’re not going back home for thanksgiving. Oh wait, you’re a grad student. You don’t need br… https://t.co/OEO0tB5foG",0.35
Finksburg,Tue Nov 24 23:11:58 +0000 2020,MD,Baltimore Ravens vs. Steelers: Thanksgiving Q&amp;A (via @footballman58) #Ravens #RavensFlock  https://t.co/oIWt3st46i,0.0
Scottsdale,Tue Nov 24 23:12:01 +0000 2020,AZ,Really going to miss this Thanksgiving Eve. Nothing like getting black out drunk and getting forcibly removed from… https://t.co/4JGnY07P2S,0.008333333333333331
Lee's Summit,Tue Nov 24 23:12:11 +0000 2020,MO,Por qué  no soy mujer stripper???? 😪😪😪. https://t.co/38cdnNYTZC,0.0
Grapevine,Tue Nov 24 23:12:11 +0000 2020,TX,Officials at the @DFWAirport say travel is projected to be down at the airport by 65% over the #Thanksgiving holida… https://t.co/sZDSlXvYy3,-0.15555555555555559
Grapevine,Tue Nov 24 23:12:11 +0000 2020,TX,Officials at the @DFWAirport say travel is projected to be down at the airport by 65% over the #Thanksgiving holida… https://t.co/sZDSlXvYy3,-0.15555555555555559
Manhattan,Tue Nov 24 23:12:14 +0000 2020,NY,watching Gale put on makeup and lashes while she’s tripping on mushrooms like https://t.co/bMSVsYdEAN,0.0
Thousand Oaks,Tue Nov 24 23:12:16 +0000 2020,CA,@DebbieSaviano @kckatalyst @chrisbrogan @KerryGorgone Thank you beautiful! Wishing you a very Happy Thanksgiving 🍁🤎,1.0
Branson,Tue Nov 24 23:12:35 +0000 2020,MO,"@davidmweissman @Jim_Jordan BTW if you want to stay at home, wear a mask, don’t travel, be a slave   Have at it jus… https://t.co/wBlJ5t78lb",0.0
Mobile,Tue Nov 24 23:12:43 +0000 2020,AL,Made it home to Mobile for Thanksgiving ... as if I haven’t been here all of 2020😂 https://t.co/sG3LnPC8Wj,0.0
Portales,Tue Nov 24 23:12:48 +0000 2020,NM,My thanksgiving plans are not coming together at all😫,0.0
Council Bluffs,Tue Nov 24 23:12:50 +0000 2020,IA,"@realDonaldTrump Happy thanksgiving Mr President! Take care , I love you ❤️",0.75
Jupiter,Tue Nov 24 23:12:56 +0000 2020,FL,....now if I could just buy a real Christmas tree before thanksgiving &amp; let me liveeeee that’d be great ✨,0.5
Hampton,Tue Nov 24 23:13:07 +0000 2020,VA,Having to spend thanksgiving alone this year is super sad 😔,-0.08333333333333334
Santa Rosa Valley,Tue Nov 24 23:13:16 +0000 2020,CA,"@realDonaldTrump Happy Thanksgiving, Mr. President! Wishing you, @FLOTUS and the rest of the wonderful first family… https://t.co/Dx41LW15Ej",0.75
Cinnaminson,Tue Nov 24 23:13:29 +0000 2020,NJ,@ConnieSchultz It was our year to have all my kids for Thanksgiving. That isn’t happening but I am still hopeful th… https://t.co/2rao2DT01t,0.0
Farmers Branch,Tue Nov 24 23:13:30 +0000 2020,TX,"Happy Thanksgiving to you President @realDonaldTrump , @flotus and family!",1.0
Boston,Tue Nov 24 23:13:46 +0000 2020,MA,"@M_Agnello17 Team Eccher -175

Team Tripper +135",0.0
Desoto,Tue Nov 24 23:13:46 +0000 2020,TX,@ThePurpleFlight She has no choice 😌,0.0
Newport,Tue Nov 24 23:13:55 +0000 2020,TN,@patriciagunnhal Thanksgiving Blessings !,0.0
Minot,Tue Nov 24 23:13:59 +0000 2020,ND,@mikegolicjr @chiney Mike is Right!  The food can be great but it’s thanksgiving so the plate must be covered in gr… https://t.co/PaQ5oz1HEV,0.5785714285714285
Newport,Tue Nov 24 23:14:11 +0000 2020,TN,@Caroline_Motor Thanksgiving Blessings !,0.0
Queens,Tue Nov 24 23:14:16 +0000 2020,NY,I got to get a fucking license there’s no reason why I have to coordinate a fucking road trip to see my future girlfriend.,-0.39999999999999997
Norfolk,Tue Nov 24 23:14:23 +0000 2020,VA,Can we make #medtwitter a tiny substitute tomorrow for the usual wild Wednesday-before-thanksgiving shenanigans we’… https://t.co/8XVkPfOos4,-0.049999999999999996
Newport,Tue Nov 24 23:14:35 +0000 2020,TN,@Sunnyskies100 Thanksgiving Blessings !,0.0
Radnor Township,Tue Nov 24 23:14:37 +0000 2020,PA,I thought Trump already pardoned a turkey.   @realDonaldTrump #TurkeyPardon #Thanksgiving #RogerStonePardon #ByeDon https://t.co/0yzdnFNVkC,0.0
Wauseon,Tue Nov 24 23:14:48 +0000 2020,OH,@Matt_Pinner Road / Flight cases for this beast! https://t.co/fg4VotKgAG,0.0
Coventry,Tue Nov 24 23:14:49 +0000 2020,RI,The yearly thanksgiving gift from my work 🤪💘 https://t.co/UhdyGAIMLV,0.0
Redland,Tue Nov 24 23:15:18 +0000 2020,MD,Thanksgiving Week so I want to be nice this week lang. I’m doing charity work (nyark) by letting people use my disn… https://t.co/Xjo6esjGcG,0.6
Brooklyn,Tue Nov 24 23:15:19 +0000 2020,NY,@WandrMe @photoJDL We shall travel once more and attack meat plates like never before,0.5
Newport,Tue Nov 24 23:15:20 +0000 2020,TN,@mountainknt Thanksgiving Blessings !,0.0
Moon,Tue Nov 24 23:15:22 +0000 2020,PA,@LindaT_G Congrats!  Stay safe and healthy.  Happy Thanksgiving!,0.6666666666666666
Huntsville,Tue Nov 24 23:15:26 +0000 2020,AL,"@siriusxmvolume Top 5 Food Songs...theme as always:

2) Led Zep - Hot Dog
1) James Taylor - Chili Dog

HAPPY THANKSGIVING!",0.5833333333333334
Lowes Island,Tue Nov 24 23:15:39 +0000 2020,VA,With Thanksgiving quickly approaching we are feeling festive and already dreaming about the gorgeous holiday decora… https://t.co/Uy2C6vBDPR,0.35
Elizabeth City,Tue Nov 24 23:15:45 +0000 2020,NC,Ken happy thanksgiving to you and your family we are going to my sons for a smal thanksgiving full of love and a ne… https://t.co/HZkmCbdv3C,0.5499999999999999
Quincy,Tue Nov 24 23:15:53 +0000 2020,MA,@ScottBaio Happy Thanksgiving!!,1.0
Newport,Tue Nov 24 23:15:55 +0000 2020,TN,@thompsonb2569 Thanksgiving Blessings !,0.0
North Kensington,Tue Nov 24 23:16:09 +0000 2020,MD,@johnwall thank you for all that you do for our beautiful city.  Happy Thanksgiving! #johnwall #thankful,0.925
Minneapolis,Tue Nov 24 23:16:14 +0000 2020,MN,This years been a wild journey..  Grateful to have a thanksgiving break for the first time in years and reflect on… https://t.co/tJYoXsWdg6,0.175
Houston,Tue Nov 24 23:16:18 +0000 2020,TX,"So Kate Mystery Box Alert💋✌🏽
Just In Time For Thanksgiving X Black Friday!!! Available While Supplies Last Your Per… https://t.co/aBtEr0tMBu",0.024826388888888922
Boise,Tue Nov 24 23:16:34 +0000 2020,ID,"Our semifinal Thanksgiving #jokeoftheday 
The answer is “Wobble; wobble, wobble!” @ Treasure Valley Family YMCA https://t.co/uDStVXtZGG",0.0
Newport,Tue Nov 24 23:16:37 +0000 2020,TN,@ALMIGHT55458598 @gofundme Thanksgiving Blessings !,0.0
Houston,Tue Nov 24 23:16:41 +0000 2020,TX,bro if ion get mac and cheese on thanksgiving yall better just stfu talking to me,0.5
Carrollwood,Tue Nov 24 23:16:46 +0000 2020,FL,"@YouTube 

@IvanDuque @PoliciaColombia @colombia_travel @RusiaColombia @maluma @shakira @piso21music",0.0
Norman,Tue Nov 24 23:16:47 +0000 2020,OK,@DrEtiquette @ScottBaio Happy Thanksgiving to you and your family as well.🦃🙏🇺🇸,0.8
Rockport,Tue Nov 24 23:16:47 +0000 2020,MA,"In honor of my mother on the first Thanksgiving without her, we are having a #KatharineHepburn movie fest—one of he… https://t.co/N6GkxYH0x1",0.25
St Petersburg,Tue Nov 24 23:16:57 +0000 2020,FL,"@agseeley @UCFSports Does Andy Seeley, like Drew Seeley, play the Christmas hits BEFORE thanksgiving?",0.0
Bozeman,Tue Nov 24 23:17:01 +0000 2020,MT,"AP:  Thanksgiving lessons jettison Pilgrim hats, welcome truth https://t.co/qNGFd6uONm",0.8
Hyattsville,Tue Nov 24 23:17:22 +0000 2020,MD,Why my family said they doing a crab boil for thanksgiving. Bitch I’m omw,0.0
Virginia Beach,Tue Nov 24 23:17:26 +0000 2020,VA,"@TheDailyShroom My sister has celiacs, so I make green bean casserole for Thanksgiving from scratch, including a cr… https://t.co/TdCdeezvnO",-0.2
Austin,Tue Nov 24 23:17:32 +0000 2020,TX,"@DownWithDamon I have a friend who says you should only eat ham on Thanksgiving, not turkey, and it makes me question our friendship.",0.0
San Antonio,Tue Nov 24 23:17:46 +0000 2020,TX,I'm going to #StayCozyAtHome this holiday season. Where will your travels take you?,0.0
Pasadena,Tue Nov 24 23:17:52 +0000 2020,TX,Favorite part of the thanksgiving meal?,0.5
Oak Ridge,Tue Nov 24 23:18:05 +0000 2020,TN,De Blasio Setting Up 'COVID Checkpoints' to Find NYC Travelers Violating Thanksgiving Quarantine via @gatewaypundit https://t.co/nRZs38DYJ4,0.0
Oak Ridge,Tue Nov 24 23:18:05 +0000 2020,TN,De Blasio Setting Up 'COVID Checkpoints' to Find NYC Travelers Violating Thanksgiving Quarantine via @gatewaypundit https://t.co/nRZs38DYJ4,0.0
Brookhaven,Tue Nov 24 23:18:12 +0000 2020,GA,@TomKGolf @EIGTravel @kinsale_ie @dannybrassil @LiamDeasy @BlacksBrewery @Failte_Ireland @wildatlanticway I’ve had… https://t.co/OmmDNW1Vt7,0.0
Garfield Heights,Tue Nov 24 23:18:14 +0000 2020,OH,Marc and Janise lame for not liking Stripes like Burberry. Hardest song on the album,-0.5
San Diego,Tue Nov 24 23:18:15 +0000 2020,CA,The BEST dish on thanksgiving,1.0
Providence,Tue Nov 24 23:18:18 +0000 2020,RI,Realizing the only plane trip I took  in 2020 was to Vegas is very fitting for how this year gone. 🎲,0.325
Penn Estates,Tue Nov 24 23:18:25 +0000 2020,PA,How we prep the stuffing in my house. Get our steps in too! #Thanksgiving #Thanksgiving2020 #Stuffing #Dressing 😂 https://t.co/yUFB0qlvfT,0.0
Lakewood,Tue Nov 24 23:18:37 +0000 2020,CA,"@Lobby_Loiterer On my 8th grade trip to DC, Bill Clinton jogged past our bus with a while bunch of secret service jogging with him.",-0.325
Houston,Tue Nov 24 23:18:37 +0000 2020,TX,All my family COVID free :’) now I won’t be lonely on thanksgiving,0.15000000000000002
Plainfield,Tue Nov 24 23:18:45 +0000 2020,IN,Triplets dappin!!,0.0
Paradise,Tue Nov 24 23:18:50 +0000 2020,NV,We always that Asian and a little traditional. I don’t really f with thanksgiving food heavy at all. 🥴,-0.0375
League City,Tue Nov 24 23:19:00 +0000 2020,TX,"Gobble, Gobble!  Happy Thanksgiving everyone!!",1.0
Guaynabo,Tue Nov 24 23:19:02 +0000 2020,co,Please donate to cover travel expenses,0.0
Burlington,Tue Nov 24 23:19:07 +0000 2020,VT,My favorite song for Thanksgiving has a deeper meaning this year. 😞The Highwomen: Crowded Table [OFFICIAL VIDEO]… https://t.co/wxp6BV9nAU,0.5
Lakeway,Tue Nov 24 23:19:09 +0000 2020,TX,"SIRENS in Boca Chica! 🚨🚨🚨

This means we’re about 10 minutes away from an attempted triple-Raptor static fire with… https://t.co/sDv6HlHfgT",0.5
Old Jefferson,Tue Nov 24 23:19:10 +0000 2020,LA,it doesn’t even feel like thanksgiving is in a day...,0.0
Houston,Tue Nov 24 23:19:12 +0000 2020,TX,🦃🍂Gobble up some Sweet Desserts this Thanksgiving! Change things up and add these exclusive Gourmet Desserts to you… https://t.co/6LTFeI6InX,0.4375
Los Angeles,Tue Nov 24 23:19:26 +0000 2020,CA,"‘What are you doing for thanksgiving since you’re not going home?’

Cutting onions, crying, and eating.

And a heav… https://t.co/aa4tkjOpKK",-0.4
Alexandria,Tue Nov 24 23:19:40 +0000 2020,VA,These are the intense Thanksgiving debates awaiting Black families this week. 💥💥💥,0.016666666666666677
Virginia Beach,Tue Nov 24 23:19:43 +0000 2020,VA,"I just told my wife that this will be our 37th Thanksgiving together. I also told her that if she loved me, that I… https://t.co/5tGzzCdFAO",0.7
Galena Park,Tue Nov 24 23:19:49 +0000 2020,TX,I still don’t have a outfit to wear to the living room for Thanksgiving I might not even go 🙄,0.0
Tucson,Tue Nov 24 23:19:53 +0000 2020,AZ,@hoopsnut351 Oh is Pitt traveling to San Francisco this year? Guess i missed that on the schedule. Tough matchup. M… https://t.co/TcyhZcF0GA,-0.3888888888888889
Stamford,Tue Nov 24 23:19:55 +0000 2020,CT,"@cbarthold I-95 traffic, although heavier than usual in this Covid era, seems much better than a typical Thanksgiving Tuesday night!",0.013888888888888895
Paradise,Tue Nov 24 23:19:56 +0000 2020,NV,"2020 partly summed up:
•
Sitting on my flight in my mask and there is a piece of fuzz on my phone... so I casually… https://t.co/CHzjBZFGIN",0.0
Los Angeles,Tue Nov 24 23:20:08 +0000 2020,CA,COVID pre travel test book..airport car service book cuz i’m a snob. England here I come!! Its a dream come true to… https://t.co/okqXQMB9g2,0.35
South Run,Tue Nov 24 23:20:24 +0000 2020,VA,@SapinRachel Not sure yet. Flying on Thanksgiving Day to Ron Rogness’ cabin in Wisconsin to hunt whitetail with my… https://t.co/HHZJP0B6xP,-0.25
Houston,Tue Nov 24 23:20:26 +0000 2020,TX,"Damn. When I think of my EDC trip, i_o is the first thing that comes to my head. One of my favorite sets of all tim… https://t.co/tY0Rd6Isrh",0.375
Honolulu,Tue Nov 24 23:20:34 +0000 2020,HI,Thanksgiving is the most important meal of the year,0.45
Cookeville,Tue Nov 24 23:20:34 +0000 2020,TN,i can’t wait to piss off my conservative uncle this Thanksgiving 🥰,0.0
Oakland,Tue Nov 24 23:20:40 +0000 2020,CA,@JillWohlner @topntran I read about why this is. Michelin wanted to encourage people to go on road trips and use th… https://t.co/ycpEnHiZAQ,0.0
San Francisco,Tue Nov 24 23:20:42 +0000 2020,CA,@Andy411oak Tight I’m down after thanksgiving 🦿,-0.16706349206349208
Perry,Tue Nov 24 23:20:52 +0000 2020,GA,"Lol I be playin smoke break, mood swings, throw away, and power trip one after another to test if I’ll get sad. Las… https://t.co/MfthayCJ8t",0.15000000000000002
Sunnyvale,Tue Nov 24 23:20:59 +0000 2020,CA,"@cwgabriel Gawd.  Loved the book mainly for the abundance of nostalgia.
Hated the movive for striping out half of w… https://t.co/vXY7JIfK1K",-0.050000000000000024
Philadelphia,Tue Nov 24 23:21:43 +0000 2020,PA,"Tripping, falling, with no safety net
Boy, it must be something that you said
Is it real this time or is it in my h… https://t.co/Ga5NlErgJ8",0.1
Newport,Tue Nov 24 23:21:44 +0000 2020,TN,@Hetz20 Thanksgiving Blessings !,0.0
Los Angeles,Tue Nov 24 23:21:49 +0000 2020,CA,"Beautiful platter for Thanksgiving one of a kind!
#supportsmallbusiness #supportlocal #gifts#artistsupport… https://t.co/MUOBKGU5se",0.8
Los Angeles,Tue Nov 24 23:21:52 +0000 2020,CA,Emirates offers a free hotel stay with your Dubai layover https://t.co/WQzjXGCsgp via @CNNTravel,0.25
Cincinnati,Tue Nov 24 23:22:09 +0000 2020,OH,My thanksgiving plans now include waiting up until 12:01 am on Black Friday to online purchase one of the TWO cat t… https://t.co/EVRw8JBUvQ,-0.16666666666666666
Dearborn,Tue Nov 24 23:22:19 +0000 2020,MI,You want some delicious chili to enjoy Thursday? Message @amburritooo to arrange a pickup. #chiliforThanksgiving,0.7
Houston,Tue Nov 24 23:22:33 +0000 2020,TX,Crazy I’m not making any pecan pies this thanksgiving🤷🏾‍♂️,-0.6
Chicago,Tue Nov 24 23:22:53 +0000 2020,IL,@victorflight @leeveronvisk Q?,0.0
Hugo,Tue Nov 24 23:23:02 +0000 2020,OK,Choctaw Travel Plaza,0.0
St Louis,Tue Nov 24 23:23:07 +0000 2020,MO,"Survey shows where people are most likely to travel despite warnings this Thanksgiving. 

https://t.co/9gUcSF8Av3 https://t.co/RFLKgpS0LH",0.25
St Louis,Tue Nov 24 23:23:07 +0000 2020,MO,"Survey shows where people are most likely to travel despite warnings this Thanksgiving. 

https://t.co/9gUcSF8Av3 https://t.co/RFLKgpS0LH",0.25
Salt Lake City,Tue Nov 24 23:23:14 +0000 2020,UT,Folks had planned to go down to St George for Thanksgiving but canceled then decided to drive to Carlsbad CA with o… https://t.co/JBwYECL4hz,-0.15555555555555559
Atlantic City,Tue Nov 24 23:23:27 +0000 2020,NJ,"TAKE FLIGHT 8pm..(est.) 
on RUFF RYDERS RADIO 
download the app today or live stream now 
(link in bio)… https://t.co/zk5Z7bZD6H",0.13636363636363635
State College,Tue Nov 24 23:23:35 +0000 2020,PA,Y'all have an excuse to not see your inlaws and family at thanksgiving this year and now you want to see them????,-0.05
Brushy Creek,Tue Nov 24 23:23:53 +0000 2020,TX,@JRudd_Scout @FlatgroundApp @FlatgroundBats I wonder if there is an opportunity for some travel organizations to offer a “gap” year program?,0.0
Palm Valley,Tue Nov 24 23:23:55 +0000 2020,FL,This is why the Spider is telling the truth HA HA HA happy almost thanksgiving,0.8
Dallas,Tue Nov 24 23:24:06 +0000 2020,TX,"New Video Thanksgiving Day  🖤 @ Dallas, Texas https://t.co/cw8wZfiiEF",0.13636363636363635
Burr Ridge,Tue Nov 24 23:24:07 +0000 2020,IL,@MexicanViking For Thanksgiving or always?,0.0
Palm Valley,Tue Nov 24 23:24:21 +0000 2020,FL,This is why the Spider is telling the truth HA HA HA happy almost thanksgiving @MaxwellJRitchie,0.8
Frederick,Tue Nov 24 23:24:21 +0000 2020,MD,@pbmerrick Thank you so much! Hope your Thanksgiving is awesome!,0.625
Aliquippa,Tue Nov 24 23:24:22 +0000 2020,PA,"🍁🦃 Happy Thanksgiving 🦃🍁 From Kennedy Everyone 🐾 @ Hopewell Township, Beaver County, Pennsylvania https://t.co/cTcJOXx1e9",0.8
Houston,Tue Nov 24 23:24:45 +0000 2020,TX,@_CardiaQ 😂😂😂😂😂 HOT she been waiting on that Mac and Cheese and I feel her 10000000 lol thanksgiving ain’t the time,0.525
Atlanta,Tue Nov 24 23:25:02 +0000 2020,GA,"Dude.....
A situationship where dude is paying your tuition &amp; bills is heaven! Baby girl is tripping about wanting to settle down.",-0.15555555555555559
Torrance,Tue Nov 24 23:25:09 +0000 2020,CA,Asking my kids at work what they’re doing for thanksgiving and one of them really said “I’m sitting at the dinner t… https://t.co/NMahUzSrGu,0.2
San Marcos,Tue Nov 24 23:25:09 +0000 2020,TX,Looks like I’m spending Thanksgiving dolo this year 🥴,0.0
Fort Smith,Tue Nov 24 23:25:20 +0000 2020,AR,@RepSwalwell Truth.... Happy Thanksgiving to you and your sweet family. https://t.co/dePDGhR5LE,0.575
Bellingham,Tue Nov 24 23:25:21 +0000 2020,WA,id rather die on the plane flight home than disappoint you in the years to come,0.0
Frisco,Tue Nov 24 23:25:29 +0000 2020,TX,"With #Thanksgiving already upon us, @DallasFireRes_q is encouraging everyone to consider these safety tips.....… https://t.co/md6V6spJES",0.0
Manhattan,Tue Nov 24 23:25:33 +0000 2020,NY,Another Stripe Earned ! Landed @bravo_supermarketsofficial In Orlando Florida Thanks To Our Team @tigerlyfe_florida… https://t.co/5fyzoalEoD,0.2
Sandy Springs,Tue Nov 24 23:25:33 +0000 2020,GA,Thanksgiving finna having a surge of coronavirus ; hospitals better brace themselves,0.5
Garland,Tue Nov 24 23:25:34 +0000 2020,TX,@GuhThatsChango i’m finna book my flight now,0.0
Salt Lake City,Tue Nov 24 23:25:37 +0000 2020,UT,"Stay home for Thanksgiving, be safe, and support your local service industry when you can. ✌🏽",0.25
Shively,Tue Nov 24 23:25:44 +0000 2020,KY,Wishing @christianeckes and his family a happy thanksgiving on Thursday everyone,0.8
Nashville,Tue Nov 24 23:25:56 +0000 2020,TN,almost done shopping for thanksgiving 😩 I really wish we would’ve did this earlier bc these stores crazy rn,-0.13333333333333333
Richmond,Tue Nov 24 23:26:02 +0000 2020,VA,Am I tripping was Bandana not nominated last year ??,0.0
Cincinnati,Tue Nov 24 23:26:06 +0000 2020,OH,"I’m gonna get it outta the way now &amp; drop it.

Thanksgiving is made up &amp; was placed where it is on the calendar 2 e… https://t.co/CekaTduLQc",0.0
Philadelphia,Tue Nov 24 23:26:08 +0000 2020,PA,"i just feel like we should have a thanksgiving eve ... yes, niggas be that hungry",0.0
Saratoga Springs,Tue Nov 24 23:26:15 +0000 2020,NY,Saratoga watch out. It’s coming from the south and from the west... please don’t travel or have relatives import it… https://t.co/mAO400Gf6O,0.0
Los Angeles,Tue Nov 24 23:26:19 +0000 2020,CA,"Caramelized onions, pear, and blue cheese anyone? Omg I feel like Remy when he tripped balls off that mushroom and… https://t.co/LtNHaL393G",0.0
Brooklyn,Tue Nov 24 23:26:24 +0000 2020,NY,(In general I’ve wondered this about the Thanksgiving discourse - how much the perception of risks etc is shaped by… https://t.co/yBBnB3y1St,0.125
Cinnaminson,Tue Nov 24 23:26:29 +0000 2020,NJ,@KFILE How is your precious girl doing? Prayers are still coming her way. Thanksgiving blessings to your family.,0.5
Hobart,Tue Nov 24 23:26:38 +0000 2020,IN,@realDonaldTrump I’ll give you this one. Happy thanksgiving.,0.8
Dallas,Tue Nov 24 23:26:47 +0000 2020,TX,A world where I can travel for work&gt;&gt;🤩 https://t.co/AjixD45sA2,0.0
Los Angeles,Tue Nov 24 23:26:56 +0000 2020,CA,Founders trying to optimize timing of rounds: this Thanksgiving is one of the busiest fundraising climates I’ve see… https://t.co/33zzg7sT63,0.0
Lowry Crossing,Tue Nov 24 23:27:00 +0000 2020,TX,"@VeggieTales 

You know half of the cast are fruits...right? 

....you have a living strip of bacon for goodness sake....",-0.16666666666666666
Bronx,Tue Nov 24 23:27:06 +0000 2020,NY,"Yoooooo, I thought I was the only one. Like am I trippin lmfao 🤣",0.0
Austin,Tue Nov 24 23:27:18 +0000 2020,TX,"And there’s your triple-Raptor static fire test!

Barring any issues with this firing, #SpaceX should be clear to p… https://t.co/UDIKpgb9pO",0.3625
Red Oak,Tue Nov 24 23:27:23 +0000 2020,IA,@IowaFBLive Let's make it a very happy Thanksgiving by putting a severe beat down on the huskers friday   Go Hawks  #HawkeyeTillIDie,0.4222222222222222
Houston,Tue Nov 24 23:27:43 +0000 2020,TX,Don’t experiment on Thanksgiving!!,0.0
Rockland,Tue Nov 24 23:27:44 +0000 2020,MA,Tru North Insurance Agency - Happy Thanksgiving. We wish to thank you for being part of our journey this year.… https://t.co/YGyb3dJBJC,0.8
Minneapolis,Tue Nov 24 23:28:09 +0000 2020,MN,@flightradar24 Wow. Just wow.,0.1
Mechanicsville,Tue Nov 24 23:28:21 +0000 2020,VA,"@ulexon @YouTube Have a wonderful thanksgiving brother Hans, God bless you and your family!❤❤❤",1.0
Secaucus,Tue Nov 24 23:28:22 +0000 2020,NJ,Good job by @zoom_us removing the 40-minute limit on Thanksgiving!,0.875
Houston,Tue Nov 24 23:28:25 +0000 2020,TX,@Livgabrie Bitch you about to have the best thanksgiving dinner and I’m just waiting for pics man,1.0
Fremont,Tue Nov 24 23:28:30 +0000 2020,CA,Wishing you all a safe Thanksgiving! 🙏,0.625
Barre,Tue Nov 24 23:28:39 +0000 2020,VT,"Tomorrow is Thanksgiving Eve and we are putting the final touches on your desserts, treat and meal.  We still have… https://t.co/5RVy200vjf",0.0
Pine Bluff,Tue Nov 24 23:28:43 +0000 2020,AR,@dc_hoodrich_ It’s thanksgiving shit I might b,-0.2
Milpitas,Tue Nov 24 23:28:57 +0000 2020,CA,@taxastweets @tastemade THIS IS MY DREAM CAKE for thanksgiving but my mother would never love it.,-0.25
Oviedo,Tue Nov 24 23:28:59 +0000 2020,FL,@UCF_Citronaut @Squints_15 Have a happy thanksgiving. There are dozens and dozens things to do to help with a pre s… https://t.co/M9EuxgLZ9w,0.8
Indianapolis,Tue Nov 24 23:29:05 +0000 2020,IN,A day in the Life of my #IrishDancer #ClaireBear  #HaveDressWillTravel #VirusLand .... #Oireachtas2020 https://t.co/iG0hxaKDAj,0.0
Portland,Tue Nov 24 23:29:12 +0000 2020,OR,@StephMcMahon @TripleH don’t forget my draft picks; when new day follows the positivity is in the future.King Corbi… https://t.co/B3CRqNih4b,0.13636363636363635
Glenwood,Tue Nov 24 23:29:20 +0000 2020,IL,I’m ready for the taste of Thanksgiving macaroni to hit me 😭,0.2
Cumberland,Tue Nov 24 23:29:24 +0000 2020,IN,I’m just thankful this is the last time I have to watch @realDonaldTrump pardon a turkey for Thanksgiving.,0.0
San Francisco,Tue Nov 24 23:29:35 +0000 2020,CA,What poindexter kid is disappointed about missing thanksgiving?,-0.475
San Francisco,Tue Nov 24 23:30:04 +0000 2020,CA,"I honestly can’t believe it’s Thanksgiving. 

Through all of this it is Thanks-fucking-giving.",0.6
Bon Air,Tue Nov 24 23:30:11 +0000 2020,VA,Tripping over nothing in your Ugg’s is so embarrassing 😂,0.0
Little Rock,Tue Nov 24 23:30:13 +0000 2020,AR,@TieDyeTravels @shaylateater @THV11 @thisguyjd @HaydenBalgavy @M__Flanagan I liked this tweet but I secretly wish t… https://t.co/WgDELIHsYR,0.09999999999999998
Dallas,Tue Nov 24 23:30:15 +0000 2020,TX,i haven’t been back home since last Thanksgiving,0.0
Virginia Beach,Tue Nov 24 23:30:26 +0000 2020,VA,Pre Thanksgiving shrimp today. Fresh off the boat at Rudee Inlet. The puppy was very curious. Thanks Marcia B https://t.co/kvU45JrNFC,0.12333333333333334
Indian Trail,Tue Nov 24 23:30:39 +0000 2020,NC,Pizza pies and dessert pies for the @IndianTrailES staff! Thank you PTO for the donation. 🥧 Happy Thanksgiving!… https://t.co/GYKJl534a4,0.8
Minneapolis,Tue Nov 24 23:30:44 +0000 2020,MN,I tried to take you off. My apologies. Happy Thanksgiving though.,0.8
Tewksbury,Tue Nov 24 23:30:46 +0000 2020,MA,Pastor Matthew is doing communion @ 9PM on thanksgiving everyone please join with your families and let’s give God all the glory,0.0
Manhattan,Tue Nov 24 23:30:48 +0000 2020,NY,I wanted to get a massage. Instead I got Taco Bell. 🤣🤣 I’ve been crying all week about cancelling my trip. I needed this.,-0.2
Port Allen,Tue Nov 24 23:30:50 +0000 2020,LA,@brilliantbardi @Hard_Tomer @iamcardib @bennysbodak You made a fake Twitter just to defnend a stripper that sucks a… https://t.co/ZKDeYd5ox4,-0.4
Rochester,Tue Nov 24 23:30:57 +0000 2020,MI,It's officially Thanksgiving break! https://t.co/qGeEWyIcET,0.0
Minneapolis,Tue Nov 24 23:31:17 +0000 2020,MN,A Unique Thanksgiving Season: Even More Reasons to Be Grateful for Our Teachers https://t.co/ThGfPF3vT8 via @Getting_Smart,0.4375
Louisville,Tue Nov 24 23:31:27 +0000 2020,KY,I don’t care if it’s not Thanksgiving yet. Christmas can’t come soon enough! #imthatguy @ Jefferson County Judicial… https://t.co/WtIVmW8o8a,0.0
Gateway,Tue Nov 24 23:31:34 +0000 2020,FL,Nothing to see here...their governor will be down here for Thanksgiving anyways.,-0.15555555555555559
New Orleans,Tue Nov 24 23:31:50 +0000 2020,LA,"Get a leg up on Thanksgiving indulgences with a pre T-Day Circuit with Paul class! 
💪🦃💪
Class Prices: Single $15, 5… https://t.co/IxEQEVZzcM",-0.07142857142857142
Tuscaloosa,Tue Nov 24 23:31:56 +0000 2020,AL,"Judge all you want, but Thanksgiving is MY FAVORITE holiday of the year. I mean what’s better than all you can eat… https://t.co/xz8AbtVg3k",0.22916666666666666
Dunedin,Tue Nov 24 23:32:02 +0000 2020,FL,@jfair9 The funniest shit was my 75 year mother that wanted her hair done for Thanksgiving while visiting my brothe… https://t.co/nlJqoyivER,-0.2
Bensalem,Tue Nov 24 23:32:09 +0000 2020,PA,Where Are Americans Staying Home For Thanksgiving? https://t.co/aYYfexoGCi,0.0
Atlanta,Tue Nov 24 23:32:16 +0000 2020,GA,They don’t celebrate thanksgiving in the homeland they thankful everyday they wake up,-0.2
Houston,Tue Nov 24 23:32:19 +0000 2020,TX,What's your Favourite 🥧 at Thanksgiving 🍗,0.0
Washington,Tue Nov 24 23:32:31 +0000 2020,DC,"In an attempt to discourage mass gatherings, @zoom_us will be lifting the 40-minute time limit on Thanksgiving day.… https://t.co/WoUsFxcf3k",0.0
Houston,Tue Nov 24 23:32:31 +0000 2020,TX,"Knowledge sharing &amp; collaboration know no borders! This #Thanksgiving Sunday, we give thanks by giving back at the… https://t.co/rcDVshP27Q",0.1
Victorville,Tue Nov 24 23:31:56 +0000 2020,CA,This is going to be my 1st time where I cook everything for thanksgiving I’m excited 🥰,0.375
San Mateo,Tue Nov 24 23:31:58 +0000 2020,CA,Pecan and pumpkin pies from San Mateo’s Heidi’s pies. I’m ready for Thanksgiving https://t.co/qDecNlvHBG,0.2
Los Angeles,Tue Nov 24 23:32:29 +0000 2020,CA,That is definitely a dish on our menu this thanksgiving dinner ☺️,0.0
San Mateo,Tue Nov 24 23:31:58 +0000 2020,CA,Pecan and pumpkin pies from San Mateo’s Heidi’s pies. I’m ready for Thanksgiving https://t.co/qDecNlvHBG,0.2
Escondido,Tue Nov 24 23:32:25 +0000 2020,CA,I am so excited for Thanksgiving this year 💕 I am making the Turkey for my Suegra’s household &amp; all by myself 😌😇 Ti… https://t.co/RPUsXafLgv,0.375
Point Pleasant,Tue Nov 24 23:33:40 +0000 2020,NJ,do you think I’m the only one on the planet who’s had dominos pizza alone for thanksgiving for the last 10 years,0.0
Kennewick,Tue Nov 24 23:33:40 +0000 2020,WA,20/hr and a blue strip a day in per diem we out here,0.0
Richmond,Tue Nov 24 23:33:41 +0000 2020,IN,#CancelThanksgiving #StaySafe #StayHome,0.0
Canton,Tue Nov 24 23:32:17 +0000 2020,GA,@catturd2 Dear CatTurd please tell me why daddy has to be away from us on Thanksgiving . Assisted living has turned… https://t.co/nMVO4QMFXI,0.0
Laurel,Tue Nov 24 23:33:48 +0000 2020,MD,"As Thanksgiving gets closer and closer, we take a look back at some moments where we gathered together to eat and h… https://t.co/4piUGGQRgl",0.0
Jackson,Tue Nov 24 23:33:49 +0000 2020,MS,It be him arguing with these people about these flights for me 😂😂😂😂😂 I am crying,-0.2
Colorado Springs,Tue Nov 24 23:33:22 +0000 2020,CO,Thanksgiving 2020 vs 2019. Sad. I miss my family.,-0.5
Oviedo,Tue Nov 24 23:34:05 +0000 2020,FL,@UCF_Citronaut @Squints_15 Have an awesome thanksgiving weekend.  Go Knights.,1.0
Newport,Tue Nov 24 23:34:05 +0000 2020,TN,"Thanksgiving Blessings to each and every one,and may we be truly thankful for the abundance of blessings that our b… https://t.co/0Xk3pcp81V",0.0
San Francisco,Tue Nov 24 23:32:26 +0000 2020,CA,The only difference between the original Pilgrim Thanksgiving and this one is that this time we know we’re spreadin… https://t.co/Ee7MAdzQfS,0.1875
Richmond,Tue Nov 24 23:34:12 +0000 2020,IN,"Thanksgiving ain’t been the same, how long has it been since I’ve had one with my family? ...",-0.025
Framingham,Tue Nov 24 23:34:13 +0000 2020,MA,Not much of a Thanksgiving rush along the Mass Pike right now. Seeing a speed limit ride through the Framingham str… https://t.co/ARwxYO4gbF,0.09285714285714285
Baltimore,Tue Nov 24 23:34:14 +0000 2020,MD,Idk who washing those dishes on Thanksgiving 😂😭,0.0
Greenbelt,Tue Nov 24 23:34:14 +0000 2020,MD,Aaaand our fridge just broke. Mere minutes before the delivery of the Thanksgiving groceries I ordered. Three days… https://t.co/AZyeA8y529,-0.5
Orlando,Tue Nov 24 23:34:14 +0000 2020,FL,@satscribe @JillKassidyy I seem to recall a Thanksgiving in high school that was fairly cold. My younger brother th… https://t.co/3YZLuZuuyV,-0.14666666666666664
Los Angeles,Tue Nov 24 23:32:31 +0000 2020,CA,@sholmesie Yes my tweet is just an elaborate way to get out of Thanksgiving,0.5
Chesapeake,Tue Nov 24 23:34:35 +0000 2020,VA,For some reason I have to be the hottest person at Thanksgiving dinner. https://t.co/AD5VybmoMt,0.0
Charlotte,Tue Nov 24 23:34:46 +0000 2020,NC,I hate last minute trips. Iont be knowing what to pack.,-0.4
Fredericksburg,Tue Nov 24 23:35:04 +0000 2020,TX,"Visit a familiar place !.. 

#travel #love #life #frederiksburg #texas #usa #felizmartes #buenmartes @ Fredericksbu… https://t.co/LbaXuMOWmZ",0.484375
Manhattan,Tue Nov 24 23:35:00 +0000 2020,NY,"Another trip around the sun ☀️ ♐️ @ New York, New York https://t.co/Ut5LDPv1mN",0.13636363636363635
Henderson,Tue Nov 24 23:33:38 +0000 2020,NV,Is anyone else ditching their girlfriend on thanksgiving to play shadowlands or is it just my boyfriend,0.0
Helena,Tue Nov 24 23:35:16 +0000 2020,AL,10 Gorgeous Pie Ideas to Steal for Thanksgiving Dinner https://t.co/3AuK9cRqdz,0.7
Portsmouth,Tue Nov 24 23:35:22 +0000 2020,VA,Thanksgiving at my house gonna go crazy! @thegreatjas,-0.75
Federal Way,Tue Nov 24 23:33:53 +0000 2020,WA,When an international research association wishes all of its members a “happy thanksgiving” but fails to acknowledg… https://t.co/UVol4tfblG,0.10000000000000002
Helena,Tue Nov 24 23:35:42 +0000 2020,AL,29 Creative Thanksgiving Dessert Ideas to Try Instead Of Pumpkin Pie This Year https://t.co/1EZ88EXmBk,0.5
Santa Ana,Tue Nov 24 23:34:19 +0000 2020,CA,Recap Photos from The Love Project Hope Thanksgiving Outreach Turkey and Food Distribution at the Blue Lot on Sunda… https://t.co/dS2pmYi73f,0.25
Alexandria,Tue Nov 24 23:35:52 +0000 2020,VA,T-minus 2 days till Thanksgiving. Pies being pre-baked. Garlic roasting for mashed potatoes. Brine prepared. Even i… https://t.co/H5O4WsCuFv,0.0
Toms River,Tue Nov 24 23:35:53 +0000 2020,NJ,"1 death every minute due to #COVID19 

Do you comprehend that? If you did, you’d wear your mask and avoid traveling. #WearAMask",-0.125
Charlotte,Tue Nov 24 23:35:58 +0000 2020,NC,@MarkBaker6060 👍🏻Happy Thanksgiving!,0.0
Portland,Tue Nov 24 23:35:58 +0000 2020,OR,Hope everyone has a great Thanksgiving. Be safe.,0.65
Hartford,Tue Nov 24 23:35:59 +0000 2020,CT,@Jamiewa15114328 @SidneyPowell1 Is she filing a suit in GA tomorrow? That would make my Thanksgiving.,0.0
Troy,Tue Nov 24 23:36:10 +0000 2020,MI,Cruise ship #royalcarribean #europetravel @ Europe https://t.co/AXea2t7ust,0.0
Los Angeles,Tue Nov 24 23:36:18 +0000 2020,CA,If y’all need to rent a boyfriend ladies for thanksgiving lmk I got the plug🔌🕺🏼,0.0
Atlanta,Tue Nov 24 23:36:19 +0000 2020,GA,My baby first thanksgiving &amp; Christmas coming up😍💕👶🏽 See you soon princess🙏🏾,0.25
Garland,Tue Nov 24 23:36:23 +0000 2020,TX,Should I volunteer to make thanksgiving food? That means I gotta watch a lot of YouTube videos,0.0
Bowmansville,Tue Nov 24 23:36:25 +0000 2020,PA,So much to be thankful for in Kindergarten!! Looking forward to a relaxing Thanksgiving break🦃 https://t.co/v39rLSm0eV,0.3125
Baltimore,Tue Nov 24 23:36:30 +0000 2020,MD,imma need Thanksgiving to hurry up cause I’m starving,0.0
Helena,Tue Nov 24 23:36:31 +0000 2020,AL,This Is Why We Eat Pumpkin Pie at Thanksgiving https://t.co/mIv282TLDB,0.0
Alpharetta,Tue Nov 24 23:36:35 +0000 2020,GA,"Where are you libating Thanksgiving eve? Come see half of my face  @truckandtapalph for SINGO!
#winedownwednesday… https://t.co/BhXBlEYk9r",-0.20833333333333331
Paris,Tue Nov 24 23:36:39 +0000 2020,KY,Upset that I’m working on Thanksgiving but at least I’m getting double pay😏😏,-0.15
Austin,Tue Nov 24 23:36:40 +0000 2020,TX,"We don’t acknowledge Thanksgiving around here bc FUCK CHRISTOPHER COLUMBUS, but my outfit for family dinner on Thur… https://t.co/GG9kCgcskV",-0.4
Houston,Tue Nov 24 23:36:51 +0000 2020,TX,My thanksgiving shoes just got here. https://t.co/4XjgyXCkjw,0.0
Niceville,Tue Nov 24 23:36:57 +0000 2020,FL,"Go ahead and think you know best and have these crowded ass Thanksgivings, and Christmas is gonna be extremely sad.",0.25
Oklahoma City,Tue Nov 24 23:37:26 +0000 2020,OK,"Say ""Happy Thanksgiving"" 
Shit sound like a murder to me 🤷🏾‍♂️",0.3333333333333333
Kansas City,Tue Nov 24 23:37:29 +0000 2020,MO,Prepping for our Wednesday pre-Thanksgiving while watching some wrestling on @TheRokfin!,0.0
Taylors,Tue Nov 24 23:37:30 +0000 2020,SC,Just posted a photo @ 13 Stripes Brewery https://t.co/jAmOLm8gP4,0.0
Bradley,Tue Nov 24 23:37:31 +0000 2020,IL,"🦃💡🌎😬 #thanksgiving @ Bradley, Illinois https://t.co/ONu4bAAWAJ",0.0
Federal Way,Tue Nov 24 23:37:53 +0000 2020,WA,When an international education research organization wishes its members a “happy thanksgiving” but fails to acknow… https://t.co/FnfLbQqwZy,0.10000000000000002
Springfield,Tue Nov 24 23:37:56 +0000 2020,MA,From us ⁦@CentralFB413⁩ to you ! Happy Thanksgiving 🦃🍁🍽 I thank all for your continued support! #forthekids  https://t.co/kwICDDViwu,1.0
Manhattan,Tue Nov 24 23:38:03 +0000 2020,NY,the amount of shit i have to do before thanksgiving 😝 i would like to simply pass away 😝,-0.1
Ashwaubenon,Tue Nov 24 23:38:12 +0000 2020,WI,Thanksgiving Survey:,0.0
Oakland,Tue Nov 24 23:38:12 +0000 2020,CA,@MrMcStuffins Thanks so much Corey! Really appreciate it. Flight sim just about ready to land! 🙏,0.225
Oakland,Tue Nov 24 23:38:12 +0000 2020,CA,@MrMcStuffins Thanks so much Corey! Really appreciate it. Flight sim just about ready to land! 🙏,0.225
San Juan,Tue Nov 24 23:38:16 +0000 2020,SA,"Ya adobe el Pavo 🦃 #Turkey Ready For #thanksgiving @ San Juan, Puerto Rico https://t.co/7NKNfPjvZJ",0.2
Wilkinsburg,Tue Nov 24 23:38:22 +0000 2020,PA,@NICKIMINAJ what you making for Thanksgiving,0.0
Heritage Creek,Tue Nov 24 23:38:24 +0000 2020,KY,@CJF_NC @HurricaneAlpha Psh. We will be having the most laid back uneventful thanksgiving ever. We didn’t get a tur… https://t.co/6KODVxiZfA,0.25
Columbus,Tue Nov 24 23:38:34 +0000 2020,OH,"Thanksgiving is going to suck for a lot of us this year, but it won’t suck as bad as that one Thanksgiving for that… https://t.co/p3BUMJcwyj",-0.6999999999999998
Washington,Tue Nov 24 23:38:37 +0000 2020,DC,@GabbyDabbyDoo @kayteemad31 The crown is next on my list. Was going to start it on thanksgiving,0.0
Bettendorf,Tue Nov 24 23:38:42 +0000 2020,IA,Just a reminder of what’s great at Thanksgiving.,0.8
Wonder Lake,Tue Nov 24 23:38:52 +0000 2020,IL,"Today, I officially booked my trip to go to see Texas for the first time. I get to see my life-long great friend an… https://t.co/jh7wynxkij",0.525
Dover,Tue Nov 24 23:39:09 +0000 2020,NJ,Happy Thanksgiving 🦃 #Thanksgiving2020 https://t.co/x8NnCKFjQp,0.8
Whittier,Tue Nov 24 23:39:10 +0000 2020,CA,@SidneyPowell1 RT Proverbs 31:10 -30                          Daniel 12:3-Matthew 19:27 - 30=STARBUCKS.            HAPPY THANKSGIVING,0.8
Kansas City,Tue Nov 24 23:39:11 +0000 2020,MO,Purchased my thanksgiving meal supplies today. 28 day dry aged ribeye. Garlic mashed potatoes and gravy. Uncut gree… https://t.co/Uv035fkNvz,-0.2222222222222222
Barnhart,Tue Nov 24 23:39:12 +0000 2020,MO,White Christmas..the start of my Thanksgiving weekend. #whitechristmas #rosemaryclooney #bingcrosby… https://t.co/fKy6BWbydF,0.0
Los Angeles,Tue Nov 24 23:39:20 +0000 2020,CA,Saving up these credit card points like anytime minutes for all the flights in 2021!,0.0
Scottsdale,Tue Nov 24 23:39:41 +0000 2020,AZ,Nordstrom Rack has dramatically expanded its luggage selection. Might get some traction from Thanksgiving Traveller… https://t.co/q0bwbbLeBO,0.0
Scottsdale,Tue Nov 24 23:39:41 +0000 2020,AZ,Nordstrom Rack has dramatically expanded its luggage selection. Might get some traction from Thanksgiving Traveller… https://t.co/q0bwbbLeBO,0.0
North Randall,Tue Nov 24 23:39:44 +0000 2020,OH,Who hitting the gym thanksgiving morning?,0.0
Missouri City,Tue Nov 24 23:39:51 +0000 2020,TX,Last day cutting at regular price is tomorrow. Hml now. Thanksgiving day cuts are $100,-0.19999999999999998
Charlotte,Tue Nov 24 23:39:52 +0000 2020,NC,I know one thing. Y’all heathens better not get y’all elderly relatives sick this Thanksgiving. 👊🏾💥,-0.10714285714285715
Helena,Tue Nov 24 23:39:52 +0000 2020,AL,37 Thanksgiving Cookies That'll Make You Forget About Pie https://t.co/TdqQfPGP3M,0.0
Fuquay-Varina,Tue Nov 24 23:40:01 +0000 2020,NC,"Just thought about this: if I were still in Boston this fall, this would’ve been my first thanksgiving without any… https://t.co/81DINoGzjT",0.25
Azalea Park,Tue Nov 24 23:40:01 +0000 2020,FL,@DonnieWahlberg Happy thanksgiving! Enjoy this time with your family! ❤️🍽🍁🦃❤️,0.75
St Louis,Tue Nov 24 23:40:04 +0000 2020,MO,"I'm usually a staunch Tree Goes Up After Thanksgiving stalwart, but it's 2020 so fuck it. Put the tree up today. https://t.co/sFVts8dmNo",-0.325
Columbus,Tue Nov 24 23:40:06 +0000 2020,OH,@gizellesthought I think it’s Tripe aka Cow Stomach,-0.13333333333333333
Manhattan,Tue Nov 24 23:40:13 +0000 2020,NY,"When you just got creamed from thanksgiving , giving so much so much head/Respect “human eye contact 🥂” that you ,… https://t.co/yIEOMm70NX",0.1
Raleigh,Tue Nov 24 23:40:15 +0000 2020,NC,Thanksgiving AMC showing all of the vacation movies... So you know where I'll be,0.0
Pasadena,Tue Nov 24 23:40:16 +0000 2020,TX,Omggggg I’m finally gonna trip in 2020!!! 🤩✨🧚🏽‍♀️🌟,0.0
Garfield,Tue Nov 24 23:40:18 +0000 2020,MI,@trippykay4202 I wish,0.0
San Antonio,Tue Nov 24 23:40:27 +0000 2020,TX,Thanksgiving 2016 vs Thanksgiving 2020 💪🧡🦃 https://t.co/7H6tI71ryK,0.0
Philadelphia,Tue Nov 24 23:40:33 +0000 2020,PA,Every a single “traditional” thanksgiving dish is mediocre on its *best* day.,0.10714285714285715
Houston,Tue Nov 24 23:40:37 +0000 2020,TX,I can’t believe we had a girls trip planned for Vegas in March. Two peoples first time. First girls trip with all o… https://t.co/Wj2emN2Djc,0.25
New Hope,Tue Nov 24 23:40:37 +0000 2020,MN,Wish I was packing for a beach trip 😿,0.0
Dallas,Tue Nov 24 23:40:38 +0000 2020,TX,do u eat macaron at thanksgiving,0.0
Detroit,Tue Nov 24 23:40:40 +0000 2020,MI,Who’s ready for a quarantine #Thanksgiving? How will you be celebrating?,0.2
Fort Lee,Tue Nov 24 23:40:42 +0000 2020,NJ,@kaitlancollins Over/Under he goes to Mar-A-Lago for Thanksgiving and never returns. Highly likely.,0.0
New Cumberland,Tue Nov 24 23:40:43 +0000 2020,PA,Is it just me feeling like this but I am feeling down... like in 2 days we will be having thanksgiving dinner and I’m not hyped about it!,-0.19444444444444448
Monroe,Tue Nov 24 23:40:54 +0000 2020,NY,@TomHeartsTanks Sorry that you had to cancel. I’ve cancelled two planned trips for the same reasons.,-0.25
Las Vegas,Tue Nov 24 23:40:58 +0000 2020,NV,"I am grateful today for feeling some peace. Although this Thanksgiving will be different than any other, we have be… https://t.co/T1xmxokK5h",-0.0625
Lancaster,Tue Nov 24 23:41:01 +0000 2020,CA,*starts looking for a new flight*,0.13636363636363635
Charlotte,Tue Nov 24 23:41:01 +0000 2020,NC,@RealQCB @EricfromClt @hharden Hope all is well....Happy Thanksgiving!,0.0
Beckley,Tue Nov 24 23:41:03 +0000 2020,WV,unpopular opinion: thanksgiving food is NASTY 🤮,-1.0
Gun Barrel City,Tue Nov 24 23:41:04 +0000 2020,TX,@goativity most definitely not me. imma get mine 😭😭 but this ain’t bout me. my girl gone cum a couple times every trip 😂,0.25
Indianapolis,Tue Nov 24 23:41:06 +0000 2020,IN,"@plainsimplerach It’s chill, she seems cool, but it enacted my fight or flight instinct as first",0.3
Lakewood,Tue Nov 24 23:41:31 +0000 2020,NJ,@realDonaldTrump People don’t have food for Thanksgiving!!!,0.0
Queens,Tue Nov 24 23:41:49 +0000 2020,NY,For thanksgiving I hope everyone chokes,0.0
West Hollywood,Tue Nov 24 23:41:53 +0000 2020,CA,Awesome Ford GT in the window of a luxury car rental biz on Sunset. #sunset #coolcars #fordgt #sunsetstrip… https://t.co/7IQXQBIygU,1.0
Mercerville,Tue Nov 24 23:42:03 +0000 2020,NJ,Can my Thanksgiving just be pecan pie and wine? That’s all I need,0.0
Houston,Tue Nov 24 23:42:04 +0000 2020,TX,Not eating thanksgiving food this year 🙌🏾,0.0
Manhattan,Tue Nov 24 23:42:12 +0000 2020,NY,start your Thanksgiving prep,0.0
Cleveland,Tue Nov 24 23:42:13 +0000 2020,OH,Awww I can't agree with this you tripping sis 😒,0.4
Justice,Tue Nov 24 23:42:18 +0000 2020,IL,"@dejonsim I’m getting it ASAP, travel or not!",0.0
Camden,Tue Nov 24 23:42:19 +0000 2020,NJ,So who wants to make the kid some plates since I can’t be around family and friends this thanksgiving due to work 😂 https://t.co/8zdzJfq7k4,0.037500000000000006
Deltona,Tue Nov 24 23:42:30 +0000 2020,FL,@sheilasheimar Cuando crees que salga? Siento que será en Thanksgiving como dando “las gracias” o en Black Friday!… https://t.co/V5KpcSPv1a,-0.16666666666666666
Las Vegas,Tue Nov 24 23:42:31 +0000 2020,NV,Make sure to serve yourself at least one vegan dish this Thanksgiving... while you sit inside by yourself. #Veganism,0.1
Columbine,Tue Nov 24 23:42:42 +0000 2020,CO,"DJ, Travel Writer, Ranchhand, Aventure Motorcycle event...(well I'm not sure what my title was...but I planned for… https://t.co/ilgP4BvTqY",-0.25
San Carlos,Tue Nov 24 23:42:43 +0000 2020,CA,@Aremon45 You’re right that’s higher. My point wasn’t to compare the two. My point is simply to enjoy thanksgiving… https://t.co/iV7nxsU7wf,0.3119047619047619
Toms River,Tue Nov 24 23:42:46 +0000 2020,NJ,@LenBailey @marklevinshow Fair enough. Happy Thanksgiving.,0.5
Myrtle Beach,Tue Nov 24 23:42:53 +0000 2020,SC,Thanksgiving Self-care #happythanksgiving #selfcare #charcoalmasks #beautycounter #thanksgivingweek #family… https://t.co/1KQnbhbw0q,0.0
Columbus,Tue Nov 24 23:43:00 +0000 2020,OH,Would like to make one of these day trips on a Saturday to play others from around the state.,0.0
Durham,Tue Nov 24 23:43:01 +0000 2020,NH,"Turkey? ✔️
Pumpkin pie? ✔️
UNH Magazine? ✔️

Your fall issue is here, just in time for #Thanksgiving. Click to read… https://t.co/lwL5HPi5TI",0.0
Vineland,Tue Nov 24 23:43:04 +0000 2020,NJ,@kelvinbello15 @Latripade @Smailin92 Jajajaja,0.0
Arlington,Tue Nov 24 23:43:08 +0000 2020,MA,"People who write ""love to travel"" on their dating profiles during a whole pandemic. Either anti masks people or obv… https://t.co/rxdZpTXmi4",0.35
Raymore,Tue Nov 24 23:43:13 +0000 2020,MO,"@bradleychenson Probably turkey, candied sweet potatoes and peanut butter pie. Happy Thanksgiving to you and your family.",0.575
Danville,Tue Nov 24 23:43:20 +0000 2020,IL,Thanksgiving 2020 @ Fully Retarded Entertainment https://t.co/x4tKVXgFWL,-0.8
Plano,Tue Nov 24 23:43:26 +0000 2020,TX,@ATwstedFantasy Yea he was tripping,0.0
Houston,Tue Nov 24 23:43:37 +0000 2020,TX,I can’t wait to get a man and take couple trips with my friends ☺️☺️,0.0
New Orleans,Tue Nov 24 23:43:41 +0000 2020,LA,Quick little thanksgiving getaway should be everything I need + more,0.21527777777777776
Houston,Tue Nov 24 23:44:04 +0000 2020,TX,I don't get it. #COVID infected on the rise &amp; millions travelling for Thanksgiving?  #StayHomeStaySafe,0.0
Houston,Tue Nov 24 23:44:04 +0000 2020,TX,I don't get it. #COVID infected on the rise &amp; millions travelling for Thanksgiving?  #StayHomeStaySafe,0.0
Eden Isle,Tue Nov 24 23:44:06 +0000 2020,LA,@ellisoptical Thank you and Happy Thanksgiving to you and your fam!,1.0
Pinetop,Tue Nov 24 23:44:09 +0000 2020,AZ,@BitsHammer Even the travel gif looks like an exploding infection.,0.0
Indianapolis,Tue Nov 24 23:44:15 +0000 2020,IN,@eerikabozemann Was i invited to this Thanksgiving lol,0.8
Midland,Tue Nov 24 23:44:22 +0000 2020,MI,Welp ... this is a pinch accurate 🤏🏻🤏🏻🤏🏻🤏🏻🤏🏻😂 #happythanksgiving #ashleystyle #party https://t.co/P79DtCdcyf,0.4000000000000001
Dallas,Tue Nov 24 23:44:24 +0000 2020,TX,I want to take care of a family in need this thanksgiving.,0.0
Oregon City,Tue Nov 24 23:44:30 +0000 2020,OR,@calbears04 @Ryan_Kartje Traveling with a sick player is no bueno.,-0.7142857142857143
Louisville,Tue Nov 24 23:44:38 +0000 2020,KY,@d_yetter @courierjournal Thank you Debby! Happy Thanksgiving to you guys ❤️,0.8
Tiverton,Tue Nov 24 23:44:38 +0000 2020,RI,"Be careful friends, it’s crazy out here!!!! #groceryshopping #Thanksgiving2020 🍁🦃🍂 https://t.co/oZDNeeK2Pd",-0.55
Kansas City,Tue Nov 24 23:44:51 +0000 2020,MO,"@MinskysPizza I'm not trying to pay almost $40 for a pizza tonight, still buyingThanksgiving items. Love ya'll though.",0.5
El Paso,Tue Nov 24 23:44:56 +0000 2020,TX,Brooooo these snap memories lololol. Barfly used to go CRAZYYY  on Thanksgiving Eve!! 🥲,0.0
Jollyville,Tue Nov 24 23:45:15 +0000 2020,TX,@DonnieWahlberg Glad you made it safely!! May you and your family have a blessed and joyful Thanksgiving together!! #loveeternal,0.75
Forrester,Tue Nov 24 23:45:20 +0000 2020,GA,Lmaooo Ion Fw My Family So Ain Got No Where To Eat Thanksgiving Dinner At 😂😂😂😂🤣🤣🤣,0.0
Macon,Tue Nov 24 23:45:27 +0000 2020,GA,"Annoyed because it’s just going to be my brother, mom and me for thanksgiving which means there is no one to distra… https://t.co/h6kq4eE8iX",-0.4
Roswell,Tue Nov 24 23:45:33 +0000 2020,GA,"Chips. Beans. Cheese. Pico. Avocado. Jalapeños. You know, pilgrim stuff. #ThanksgivingNachos",0.0
Anchorage,Tue Nov 24 23:45:33 +0000 2020,AK,Thanksgiving album PLEASEEEE🥺,0.0
Port Clinton,Tue Nov 24 23:45:37 +0000 2020,OH,Yesterday I was really upset with covid ruining our “normal” thanksgiving. But now I’m kinda looking forward to a 3… https://t.co/QNEk6VId9o,0.175
Berkeley,Tue Nov 24 23:45:51 +0000 2020,CA,"@TripleRockBeer See you tomorrow! YUM, I’ve missed you Club Shattuck!!!! ❤️❤️❤️",0.0
Jackson,Tue Nov 24 23:45:54 +0000 2020,MS,How I’m tripping cause I won’t let you get over on me 💀,0.0
Chicago,Tue Nov 24 23:45:55 +0000 2020,IL,Wow Happiest Season and Taylor Swift tomorrow... Happy thanksgiving to me,0.45
Yuba City,Tue Nov 24 23:45:55 +0000 2020,CA,My mom asked what we should make for thanksgiving dinner and I literally named 3/4 of the things my brother would w… https://t.co/DQKoB4VERK,0.0
The Woodlands,Tue Nov 24 23:46:10 +0000 2020,TX,@Marslove15 @LanalivesonMars @AvalonAlayna @KathyEastCoast @LylyFlorence @GeorgiaMirela @gigtripper86 @soonthareeya… https://t.co/MfqJah2V9N,0.0
Raleigh,Tue Nov 24 23:46:16 +0000 2020,NC,Second listen thru Trippie Redd’s album did it justice,0.0
Waxahachie,Tue Nov 24 23:46:23 +0000 2020,TX,If you have a flight early in the morning what do you do?,0.1
State College,Tue Nov 24 23:46:24 +0000 2020,PA,😭😭 gotta get ya order in for thanksgiving,0.0
Eagle Mountain,Tue Nov 24 23:46:41 +0000 2020,UT,"New #BigBluesday podcast episode for The Hive Sports for Nov. 24

- #USUFootball host first Thanksgiving game in al… https://t.co/bfb0I0YANw",-0.0045454545454545565
Blackwood,Tue Nov 24 23:46:52 +0000 2020,NJ,Definitely a good time.  Have a wonderful Thanksgiving!,0.85
Bell,Tue Nov 24 23:46:54 +0000 2020,CA,"I want to wear my own custom apparel, travel, and guide the decisions of those around me.",0.6
Aliquippa,Tue Nov 24 23:47:09 +0000 2020,PA,Making  🐿 ‘s Stripe &amp; Dot’s Thanksgiving feast out of the porch🎃’s https://t.co/XWPcAHEatP,0.0
Aliquippa,Tue Nov 24 23:47:09 +0000 2020,PA,Making  🐿 ‘s Stripe &amp; Dot’s Thanksgiving feast out of the porch🎃’s https://t.co/XWPcAHEatP,0.0
Blue River,Tue Nov 24 23:47:09 +0000 2020,CO,Week in the high country for Thanksgiving. https://t.co/2ekjWtFn31,0.16
Cabin John,Tue Nov 24 23:47:24 +0000 2020,MD,Happy thanksgiving @ElakelC https://t.co/7W2L9UMa9D,0.8
Las Vegas,Tue Nov 24 23:47:31 +0000 2020,NV,@scholaroflight1 3 B 1,0.0
Vernon,Tue Nov 24 23:47:47 +0000 2020,CT,i was completely unaware that it was thanksgiving in 2 days,0.0
Euclid,Tue Nov 24 23:47:51 +0000 2020,OH,I just know i better be eating some cake on thanksgiving,0.5
Raleigh,Tue Nov 24 23:47:55 +0000 2020,NC,Bruh the last niggas tripping,0.0
Deer Park,Tue Nov 24 23:48:03 +0000 2020,NY,@WaterlooAD Indeed!  I wish I had more time with everyone. Hopefully soon. Be safe and Happy Thanksgiving.,0.6
Alexandria,Tue Nov 24 23:48:18 +0000 2020,VA,Ginger cats on striped pillows on kitchen sofas ❤️❤️❤️ #adoptdontshop #rescuecatsofinstagram #rescuecats… https://t.co/XC5WJbvVRL,0.0
Auburn,Tue Nov 24 23:48:24 +0000 2020,AL,I would test positive for COVID two days prior to thanksgiving omm this some bullshit,0.11363636363636363
Stevensville,Tue Nov 24 23:48:25 +0000 2020,MI,When one of your favorite people come home for Thanksgiving you just can’t help but be excited! #colpfam… https://t.co/tLkNANae8s,0.484375
Alexandria,Tue Nov 24 23:48:49 +0000 2020,VA,"What a bummer! 

Never caught a game there but on our first post-election trip to NY in 2014, little Annabelle and… https://t.co/iF6AcNjTpP",-0.1125
Baltimore,Tue Nov 24 23:48:51 +0000 2020,MD,"Anyone excited to get dressed up to sit in their living room alone and eat thanksgiving dinner?? Because for real,… https://t.co/flAVN2ls9Y",0.375
Simpsonville,Tue Nov 24 23:49:01 +0000 2020,SC,@CRMS_Science66 That’s awesome. Thanks for being a great educator! Happy Thanksgiving!,0.8
Temple Hills,Tue Nov 24 23:49:15 +0000 2020,MD,Been holding on to this edible for Thanksgiving. It’s lit 😇,0.0
Ogden,Tue Nov 24 23:49:22 +0000 2020,UT,"THIS WEEKEND!!! AFTER THANKSGIVING 
FRI-SAT NOV 27th-28th @ WISEGUYS in OGDEN UTAH ! 
One Show Each Night! Come out… https://t.co/wTazCvt4PP",0.0
Morro Bay,Tue Nov 24 23:49:25 +0000 2020,CA,"Thanksgiving this year just feels different, maybe Christmas will be better... https://t.co/8a9XXIg3BF",0.25
Indianapolis,Tue Nov 24 23:49:29 +0000 2020,IN,Happy Thanksgiving Eve' eve to everyone but this guy https://t.co/pqMPmMJ4Zt,0.8
Chicago,Tue Nov 24 23:58:49 +0000 2020,IL,Screw Wall Street! @realDonaldTrump People are in food lines at Thanksgiving! The same people who had jobs and a fu… https://t.co/vE5Hc5713r,0.0
The Woodlands,Tue Nov 24 23:58:53 +0000 2020,TX,Please don’t fuck up the Mac and Cheese this thanksgiving people been thru enough this year!!!,-0.2
Catawba Island,Tue Nov 24 23:58:55 +0000 2020,OH,It’s about that time of year! Grandma Audrey’s Cranberry Salad in the making! #thanksgiving #2020 #familyoffriends… https://t.co/1k7kpqDXRm,0.0
Billings,Tue Nov 24 23:58:56 +0000 2020,MT,"If Drew Lock was a Thanksgiving dish, he would be Cranberry sauce...",0.0
Killeen,Tue Nov 24 23:58:57 +0000 2020,TX,I gotta make peach cobbler for thanksgiving. 🙂,0.0
Houston,Tue Nov 24 23:59:05 +0000 2020,TX,"the strip club got the best chicken wings, gimmie 6",0.2
Carlstadt,Tue Nov 24 23:59:16 +0000 2020,NJ,"Get your turkeys ready, thanksgiving came early this year. #19Hours #OpeningDayEve https://t.co/czwQX3bDWn",0.15000000000000002
Manhattan,Tue Nov 24 23:59:18 +0000 2020,NY,@TraderJoesMH can you give updates tomorrow when there is no line please? Shopping for thanksgiving!,0.0
Raleigh,Tue Nov 24 23:59:33 +0000 2020,NC,"Doing a test run tonight of some cheesy scalloped potatoes for our small, distanced, outdoor Thanksgiving family di… https://t.co/yKQVcelqfB",-0.375
